1791386785	0	0	0	0
1791386795	18	0	6713549	18
1791386805	40	0	14295900	40
1791386815	63	0	22250498	63
1791386826	92	0	31802788	92
1791386836	113	0	39035727	113
1791386846	131	0	45200189	131
1791386856	151	1	59223374	150
1791386866	147	1	71127663	144
1791386876	159	1	81930110	155
1791386886	149	1	92448100	143
1791386897	150	1	99997497	143
1791386927	150	1	99997497	143
1791386937	150	1	99997497	143
1791386988	150	1	99997497	143
1791387038	150	1	99997497	143
1791387088	150	1	99997497	143
1791387139	150	1	99997497	143
1791387169	150	1	99997497	143
1791387219	150	1	99997497	143
1791387270	150	1	99997497	143
1791387300	150	1	99997497	143
1791387330	150	1	99997497	143
1791387360	150	1	99997497	143
1791387391	150	1	99997497	143
1791387421	150	1	99997497	143
1791387451	150	1	99997497	143
1791387482	150	1	99997497	143
1791387512	150	1	99997497	143
1791387543	150	1	99997497	143
1791387593	150	1	99997497	143
1791387643	150	1	99997497	143
1791387694	150	1	99997497	143
1791387704	150	1	99997497	143
1791387714	150	1	99997497	143
1791387724	150	1	99997497	143
1791387735	150	1	99997497	143
1791387745	150	1	99997497	143
1791387756	150	1	99997497	143
1791387766	150	1	99997497	143
1791387776	137	1	99997497	129
1791387786	137	1	99997497	129
1791387817	57	1	99997497	45
1791387867	57	1	99997497	45
1791387897	57	1	99997497	45
1791387928	50	1	99997497	37
1791387938	50	1	99997497	37
1791387968	50	1	99997497	37
1791387978	50	1	99997497	37
1791388008	50	1	99997497	37
1791388079	50	1	99997497	37
1791388129	50	1	99997497	37
1791388179	50	1	99997497	37
1791388210	50	1	99997497	37
1791388220	50	1	99997497	37
1791388230	50	1	99997497	37
1791388241	50	1	99997497	37
1791388253	50	1	99997497	37
1791388263	50	1	99997497	37
1791388284	50	1	99997497	37
1791388304	50	1	99997497	37
1791388315	50	1	99997497	37
1791388325	50	1	99997497	37
1791388341	50	1	99997497	37
1791388351	50	1	99997497	37
1791388361	50	1	99997497	37
1791388371	50	1	99997497	37
1791388382	50	1	99997497	37
1791388392	50	1	99997497	37
1791388402	50	1	99997497	37
1791388413	50	1	99997497	37
1791388423	50	1	99997497	37
1791388433	50	1	99997497	37
1791388444	50	1	99997497	37
1791388454	50	1	99997497	37
1791388464	50	1	99997497	37
1791388474	50	1	99997497	37
1791388485	50	1	99997497	37
1791388495	50	1	99997497	37
1791388505	50	1	99997497	37
1791388515	17	1	99997497	3
1791388525	17	1	99997497	3
1791388536	17	1	99997497	3
1791388546	17	1	99997497	3
1791388556	17	1	99997497	3
1791388566	17	1	99997497	3
1791388576	17	1	99997497	3
1791388587	17	1	99997497	3
1791388597	17	1	99997497	3
1791388607	17	1	99997497	3
1791388617	17	1	99997497	3
1791388627	17	1	99997497	3
1791388637	17	1	99997497	3
1791388648	17	1	99997497	3
1791388659	17	1	99997497	3
1791388669	17	1	99997497	3
1791388679	17	1	99997497	3
1791388690	17	1	99997497	3
1791388701	17	1	99997497	3
1791388711	17	1	99997497	3
1791388722	17	1	99997497	3
1791388732	17	1	99997497	3
1791388742	17	1	99997497	3
1791388753	17	1	99997497	3
1791388763	17	1	99997497	3
1791388773	17	1	99997497	3
1791388783	17	1	99997497	3
1791388793	17	1	99997497	3
1791388804	17	1	99997497	3
1791388814	17	1	99997497	3
1791388824	17	1	99997497	3
1791388834	17	1	99997497	3
1791388844	17	1	99997497	3
1791388855	17	1	99997497	3
