1,1,0.005
1,2,0.001
1,3,0.002
2,1,0.019
2,2,0.002
2,3,0.002
3,1,0.087
3,2,0.026
3,3,0.030
4,1,0.083
4,2,0.040
4,3,0.042
5,1,0.515
5,2,0.447
5,3,0.487
6,1,0.792
6,2,0.698
6,3,0.606
7,1,0.040
7,2,0.018
7,3,0.024
8,1,0.498
8,2,0.015
8,3,0.028
9,1,1.099
9,2,1.001
9,3,0.850
10,1,1.263
10,2,1.010
10,3,1.046
11,1,0.237
11,2,0.159
11,3,0.237
12,1,0.369
12,2,0.273
12,3,0.260
13,1,1.163
13,2,0.998
13,3,1.174
14,1,1.724
14,2,1.635
14,3,1.374
15,1,1.512
15,2,1.160
15,3,0.908
16,1,0.737
16,2,0.651
16,3,0.713
17,1,2.173
17,2,2.459
17,3,2.451
18,1,0.835
18,2,0.840
18,3,0.942
19,1,3.662
19,2,4.654
19,3,4.237
20,1,0.065
20,2,0.005
20,3,0.013
21,1,3.274
21,2,0.942
21,3,1.021
22,1,2.254
22,2,0.155
22,3,0.221
23,1,2.642
23,2,1.111
23,3,1.275
24,1,0.407
24,2,0.052
24,3,0.047
25,1,0.111
25,2,0.040
25,3,0.017
26,1,0.509
26,2,0.429
26,3,0.539
27,1,0.166
27,2,0.013
27,3,0.016
28,1,0.354
28,2,0.469
28,3,0.328
29,1,26.093
29,2,40.610
29,3,29.123
30,1,0.088
30,2,0.045
30,3,0.047
31,1,0.809
31,2,0.635
31,3,0.656
32,1,1.197
32,2,0.526
32,3,0.644
33,1,3.381
33,2,2.901
33,3,3.255
34,1,4.556
34,2,3.471
34,3,3.399
35,1,7.303
35,2,4.855
35,3,4.947
36,1,0.383
36,2,0.535
36,3,0.515
37,1,0.099
37,2,0.070
37,3,0.058
38,1,0.067
38,2,0.035
38,3,0.036
39,1,0.079
39,2,0.029
39,3,0.029
40,1,0.212
40,2,0.096
40,3,0.075
41,1,0.055
41,2,0.014
41,3,0.018
42,1,0.048
42,2,0.015
42,3,0.017
43,1,0.058
43,2,0.011
43,3,0.020
