1791384590	0	0	0	0
1791384600	0	0	0	0
1791384610	7	0	2601726	7
1791384621	15	0	5636868	15
1791384632	27	0	10091839	27
1791384643	38	0	13718485	38
1791384654	36	1	14714560	35
1791384664	38	1	17164831	36
1791384674	37	1	20281289	33
1791384684	44	1	24185450	39
1791384695	41	1	27870670	33
1791384705	41	1	31469380	31
1791384715	43	1	35704903	31
1791384725	44	1	39499837	30
1791384736	51	1	45275333	35
1791384747	55	1	51805506	36
1791384757	57	1	57869266	35
1791384767	55	1	63932029	29
1791384777	61	1	69244735	33
1791384787	66	1	75840934	35
1791384797	67	1	81266666	33
1791384808	64	2	87200150	32
1791384819	67	2	91901662	33
1791384849	70	2	99997497	38
1791384899	70	2	99997497	38
1791384950	70	2	99997497	38
1791385001	70	2	99997497	38
1791385051	70	2	99997497	38
1791385102	70	2	99997497	38
1791385152	70	2	99997497	38
1791385202	70	2	99997497	38
1791385233	70	2	99997497	38
1791385263	70	2	99997497	38
1791385313	70	2	99997497	38
1791385344	70	2	99997497	38
1791385394	70	2	99997497	38
1791385424	70	2	99997497	38
1791385475	70	2	99997497	38
1791385505	70	2	99997497	38
1791385556	70	2	99997497	38
1791385586	70	2	99997497	38
1791385596	70	2	99997497	38
1791385606	70	2	99997497	38
1791385617	70	2	99997497	38
1791385627	70	2	99997497	38
1791385639	70	2	99997497	38
1791385649	70	2	99997497	38
1791385659	70	2	99997497	38
1791385670	70	2	99997497	38
1791385680	70	2	99997497	38
1791385731	70	2	99997497	38
1791385761	70	2	99997497	38
1791385812	70	2	99997497	38
1791385822	70	2	99997497	38
1791385852	70	2	99997497	38
1791385893	70	2	99997497	38
1791385943	70	2	99997497	38
1791385994	70	2	99997497	38
1791386064	70	2	99997497	38
1791386115	70	2	99997497	38
1791386125	70	2	99997497	38
1791386135	70	2	99997497	38
1791386146	70	2	99997497	38
1791386157	70	2	99997497	38
1791386167	70	2	99997497	38
1791386177	70	2	99997497	38
1791386187	70	2	99997497	38
1791386198	70	2	99997497	38
1791386208	70	2	99997497	38
1791386218	70	2	99997497	38
1791386228	70	2	99997497	38
1791386238	70	2	99997497	38
1791386249	70	2	99997497	38
1791386259	70	2	99997497	38
1791386270	70	2	99997497	38
1791386280	70	2	99997497	38
1791386291	70	2	99997497	38
1791386301	70	2	99997497	38
1791386311	36	2	99997497	3
1791386321	36	2	99997497	3
1791386332	36	2	99997497	3
1791386342	36	2	99997497	3
1791386352	36	2	99997497	3
1791386362	36	2	99997497	3
1791386372	36	2	99997497	3
1791386383	36	2	99997497	3
1791386393	36	2	99997497	3
1791386403	36	2	99997497	3
1791386413	36	2	99997497	3
1791386424	36	2	99997497	3
1791386435	36	2	99997497	3
1791386445	36	2	99997497	3
1791386456	36	2	99997497	3
1791386466	36	2	99997497	3
1791386477	36	2	99997497	3
1791386487	36	2	99997497	3
1791386497	36	2	99997497	3
1791386508	36	2	99997497	3
1791386518	36	2	99997497	3
1791386528	36	2	99997497	3
1791386539	36	2	99997497	3
1791386549	36	2	99997497	3
1791386559	36	2	99997497	3
1791386570	36	2	99997497	3
1791386580	36	2	99997497	3
1791386590	36	2	99997497	3
1791386601	36	2	99997497	3
1791386611	36	2	99997497	3
1791386622	36	2	99997497	3
1791386632	36	2	99997497	3
1791386643	36	2	99997497	3
1791386653	36	2	99997497	3
1791386663	36	2	99997497	3
1791386674	36	2	99997497	3
1791386684	36	2	99997497	3
1791386694	36	2	99997497	3
1791386705	36	2	99997497	3
1791386715	36	2	99997497	3
1791386725	36	2	99997497	3
1791386736	36	2	99997497	3
1791386746	36	2	99997497	3
1791386756	36	2	99997497	3
1791386766	36	2	99997497	3
