1791389103	88	14
1791389113	48	7
1791389123	33	4
1791389133	28	3
1791389143	23	2
1791389153	18	2
1791389164	12	1
1791389174	12	1
1791389184	12	1
1791389194	12	1
1791389204	12	1
1791389214	12	1
1791389225	12	1
1791389235	12	1
1791389245	12	1
1791389255	12	1
1791389265	12	1
1791389276	12	1
1791389286	12	1
1791389296	12	1
1791389306	12	1
1791389316	12	1
1791389327	12	1
1791389337	12	1
1791389347	12	1
1791389357	12	1
1791389367	12	1
1791389378	12	1
1791389388	12	1
1791389398	12	1
1791389408	12	1
1791389418	12	1
1791389428	7	0
1791389439	7	0
1791389449	7	0
1791389459	7	0
